company_id,company,trigger_type,trigger_summary,trigger_url,recommended_angle,urgency,fetched_at
1,Continental AG,leadership_change,"Continental AG appointed a new Purchasing manager for its Tires division, signaling a transition in procurement leadership within a major business unit. Leadership changes in purchasing functions typically prompt reviews of existing procurement tools and vendor relationships.",https://www.continental.com/en/press/press-releases/20251007-personell-changes/,angle2,3,2026-04-16T22:26:38.493002+00:00
2,ZF Friedrichshafen AG,transformation,"ZF Friedrichshafen AG reached an agreement with employee representatives to restructure its Electrified Powertrain Technology division, resulting in 7,600 job cuts. The scale of restructuring signals significant pressure to reduce costs and optimize procurement operations across the organization.",https://evertiq.com/news/2025-10-01-zf-to-cut-7600-jobs-in-division-e-in-major-restructuring-deal,angle1,3,2026-04-16T22:26:38.493002+00:00
3,Schaeffler AG,transformation,"Schaeffler AG reported FY 2025 results showing surging cash flow as restructuring accelerated, signaling active cost reduction and operational transformation across the business. Restructuring programs of this scale typically drive renewed scrutiny of procurement spend and supplier management processes.",https://www.investing.com/news/company-news/schaeffler-fy-2025-slides-cash-flow-surges-as-restructuring-accelerates-93CH-4537805,angle1,3,2026-04-16T22:26:38.493002+00:00
4,MAHLE GmbH,transformation,"MAHLE GmbH engaged apsolut to lead a far-reaching procurement transformation anchored in SAP, signaling active investment in modernizing its sourcing and purchasing operations. The initiative coincides with a broader restructuring effort in which MAHLE reduced its workforce by 5.1% in 2025, intensifying pressure to optimize procurement costs and processes.",https://www.ap-solut.com/en/references/details/show/apsolut-is-steering-the-far-reaching-procurement-transformation-at-mahle.html,angle1,2,2026-04-16T22:26:38.493002+00:00
5,Evonik Industries AG,transformation,"Evonik Industries unveiled a strategic overhaul accompanied by a new financial framework, signaling a major restructuring of the company's operations and cost structure. The initiative, covering segmented business lines across Advanced Technologies, Infrastructure, and Custom Solutions, points to renewed pressure on procurement efficiency and spend governance.",https://www.ad-hoc-news.de/boerse/news/ueberblick/evonik-s-strategic-overhaul-takes-definitive-shape-with-new-financial/68647768,angle1,2,2026-04-16T22:26:38.493002+00:00
6,Lanxess AG,transformation,"LANXESS reported a challenging 2025 performance and announced an accelerated cost optimisation strategy for 2026, signaling increased pressure to reduce operational and procurement spending. The initiative positions the company as a strong candidate for procurement technology solutions targeting cost efficiency.",https://themachinemaker.com/news/lanxess-reports-challenging-2025-performance-accelerates-cost-optimisation-strategy-for-2026/,angle1,3,2026-04-16T22:26:38.493002+00:00
7,Commerzbank AG,transformation,"Commerzbank announced plans in February 2025 to eliminate approximately 3,900 full-time positions by end of 2027 as part of a significant restructuring programme, with the majority of cuts concentrated in Germany. Large-scale workforce reductions of this nature typically drive demand for procurement automation and cost optimization tools to sustain operational efficiency with fewer resources.",https://themunicheye.com/Commerzbank-Announces-Reduction-of-3%2C900-Full-Time-Positions%2C-Majority-in-Germany-10518,angle1,2,2026-04-16T22:26:38.493002+00:00
8,DZ Bank AG,earnings_signal,"DZ BANK Group reported a profit before taxes of 4.3 billion euros for 2025, signaling strong financial performance and potential appetite for strategic investment including procurement technology. The preliminary results publication indicates active financial planning cycles that typically accompany spend optimization reviews.",https://www.dzbank.com/content/dzbank/en/home/we-are-dz-bank/press/news_archive/2026/preliminary-results-for-2025--dz-bank-group-reports-a-profit-bef.html,angle1,2,2026-04-16T22:26:38.493002+00:00
9,Fresenius SE,transformation,"Fresenius charted an aggressive growth path following a successful restructuring, signaling renewed focus on operational efficiency and cost discipline. The post-restructuring phase typically drives procurement strategy reviews and technology investment to support scalable, optimized sourcing operations.",https://www.ad-hoc-news.de/boerse/ueberblick/fresenius-charts-aggressive-growth-path-following-restructuring-success/69091201,angle1,2,2026-04-16T22:26:38.493002+00:00
10,Sartorius AG,transformation,"Sartorius has completed at least 19 acquisitions, indicating sustained inorganic growth activity that typically increases procurement complexity across multiple supplier bases and business units. M&A activity at this scale commonly drives demand for consolidated procurement strategy and spend visibility tools.",https://tracxn.com/d/acquisitions/acquisitions-by-sartorius/__Q46SabMn5Cr1Cxse_o9WOR20HMHUNwXYSM51pF7ukIE,angle1,1,2026-04-16T22:26:38.493002+00:00
11,EnBW Energie Baden-Württemberg AG,transformation,"EnBW announced it is examining the sale of its contracting business, signaling a portfolio restructuring that could drive changes in procurement scope and vendor management strategy. Divestitures of this nature typically prompt a review of procurement systems and supplier consolidation processes.",https://www.energate-messenger.com/news/259842/enbw-examines-sale-of-contracting-business,angle1,2,2026-04-16T22:26:38.493002+00:00
12,Verbund AG,earnings_signal,"VERBUND AG published its full-year 2025 results on March 18, 2026, noting the year was crucial for implementing its Strategy 2030 amid below-average water supply and windfall tax pressures. The strategic focus and cost environment signal heightened scrutiny of procurement spend and supplier efficiency.",https://www.verbund.com/en/group/news-press/press-releases/2026/3/18/corporate-news-verbund-full-year-2025-results,angle1,3,2026-04-16T22:26:38.493002+00:00
13,ING Group (Germany operations),leadership_change,"Sara Harding joined ING as Chief Procurement Officer in September 2023, having previously served as Group Head of Procurement and Sourcing at Aegon. A newly appointed CPO typically reviews and reshapes procurement strategy, tooling, and vendor relationships within the first 12 to 18 months.",https://theorg.com/org/ing/org-chart/sara-harding,angle2,1,2026-04-16T22:26:38.493002+00:00
14,OMV AG,transformation,"OMV and XRG completed transactions to create Borouge International, establishing a top-tier global polyolefin chemicals business. The major M&A transaction significantly expanded OMV's chemicals footprint and creates integration complexity with direct implications for procurement strategy and supplier management.",https://www.omv.com/en/media/press-releases/2026/260331-omv-and-xrg-complete-transactions-to-create-borouge-international-boosting-global-chemicals-leadership,angle1,3,2026-04-16T22:26:38.493002+00:00
15,Clariant AG,transformation,Clariant faced an earnings dilemma in 2025 with restructuring efforts underway aimed at margin improvement and cost reduction. The ongoing restructuring program signals active pressure to optimize spend and procurement operations across the organization.,https://www.ainvest.com/news/clariant-2025-earnings-dilemma-strategic-resilience-margin-gains-restructuring-pay-2508/,angle1,2,2026-04-16T22:26:38.493002+00:00
16,Knorr-Bremse AG,transformation,"Knorr-Bremse announced a strategic portfolio restructuring program in February 2025, with plans for significant divestments by 2026. The restructuring signals a broader operational realignment that typically drives procurement consolidation and spend visibility initiatives.",https://www.mainsights.io/ma-news/knorr-bremse-continues-strategic-portfolio-restructuring-and-substantiates-plans-by-announcing-significant-divestments-planned-by-2026,angle1,3,2026-04-16T22:26:38.493002+00:00
17,Wacker Chemie AG,transformation,"Wacker Chemie launched its PACE restructuring programme targeting €300 million in annual savings, placing procurement cost reduction at the centre of its turnaround execution. The programme signals urgent pressure to optimise procurement strategy and spending across the organisation.",https://www.ainvest.com/news/wacker-chemie-pace-restructuring-define-turnaround-execution-hinges-300m-annual-savings-2603/,angle1,3,2026-04-16T22:26:38.493002+00:00
18,Erste Group Bank AG,transformation,"Erste Group pursued a strategic acquisition in Poland, a cross-border M&A event that typically drives procurement consolidation and vendor rationalization across the expanded entity. The deal was noted to carry costs to shareholders, signaling pressure to deliver integration efficiencies.",https://www.ad-hoc-news.de/boerse/news/ueberblick/erste-group-s-strategic-polish-acquisition-comes-at-a-cost-to-shareholders/69069259,angle1,2,2026-04-16T22:26:38.493002+00:00
